Workbook

Sheet README
A1: G6x Timing Template: standard blocks instead of copy-paste
A3: How it works
A4: 1. Blocks: the standard task sequences (mold launch, mold change, PPAP), with roles, durations and logic. Owned centrally, versioned.
A5: 2. Team: one role -> person map per project. Blocks never name people.
A6: 3. Inputs: per mold only press, part numbers, delivery date, gauge validation date and the TH1 trial slot (blue cells).
A7: 4. Plan: generated from the three sheets above. All dates are formulas: change an input or a duration and everything after it moves.
A8: 5. Project-specific tasks (customer trials, downtime, payment setup...) are planned by hand on top; they are not in the blocks.
A10: Rules
A11: - Workdays Mon-Fri; plant holidays go on the Holidays sheet.
A12: - Cpk and iPQ elements are checklists on one task, not one row per characteristic / element.
A13: - Mold engineering changes are ECRs: plan them in the plm2 change plan; the project shows only their milestones.
A14: - 'PM plan' columns hold the dates from G6x Project Timeline (2026-09-30).mpp for comparison; 'Delta' = template finish minus PM finish (calendar days).
... A17: Source: G6x Project Timeline (2026-09-30).mpp, PM 1748, read 2026-10-02.

Sheet Team
A1: Role | B1: Person | C1: Department
A2: Program Manager | B2: Steven Stocks | C2: Program Mgmt
A3: Plant Layout | B3: Stacy Sexton | C3: Plant Engineering
A4: Toolshop | B4: Brandon Belk | C4: Toolshop
A5: Gauge / Metrology | B5: Erica Gibson | C5: Quality
A6: CMM Lab | B6: Erika Harris | C6: Quality
A7: Trial Lead | B7: Christopher Holmes | C7: Process Engineering
A8: Process Engineer (WI) | B8: Scott Damewood | C8: Process Engineering
A9: Packaging | B9: Kenny Rice | C9: Logistics
A10: Quality Engineer | B10: Apurva Mhetre | C10: Quality
A11: Production Planning | B11: Alexa Earls | C11: Production
A12: Doc Control / ERP | B12: Todd Haynes | C12: Engineering
... A15: Press / Plant Eng | B15: Huascar Miranda | C15: Plant Engineering

Sheet Plan
A1: Mold | B1: Step ID | C1: Task | D1: Role | E1: Person | F1: Duration (wd) | G1: Start | H1: Finish | I1: PM plan start | J1: PM plan finish | K1: Delta finish (days) | L1: Checklist
A2: =Inputs!A2 | C2: =Inputs!B2&": Mold "&Inputs!A2&" ("&Inputs!C2&")" | G2: =MIN(G3:G13) | H2: =MAX(H3:H13)
A3: =Inputs!A2 | B3: =Blocks!B3 | C3: =Blocks!C3 | D3: =Blocks!D3 | E3: =IFERROR(INDEX(Team!$B$2:$B$60,MATCH(D3,Team!$A$2:$A$60,0)),"(assign)") | F3: =Blocks!E3 | G3: =WORKDAY(G5,-F3,Holidays!$A$2:$A$60) | H3: =IF(F3=0,G3,WORKDAY(G3,F3-1,Holidays!$A$2:$A$60)) | L3: =IF(Blocks!H3="","",Blocks!H3)
A4: =Inputs!A2 | B4: =Blocks!B4 | C4: =Blocks!C4 | D4: =Blocks!D4 | E4: =IFERROR(INDEX(Team!$B$2:$B$60,MATCH(D4,Team!$A$2:$A$60,0)),"(assign)") | F4: =Blocks!E4 | G4: =Inputs!D2 | H4: =IF(F4=0,G4,WORKDAY(G4,F4-1,Holidays!$A$2:$A$60)) | L4: =IF(Blocks!H4="","",Blocks!H4)
A5: =Inputs!A2 | B5: =Blocks!B5 | C5: =Blocks!C5 | D5: =Blocks!D5 | E5: =IFERROR(INDEX(Team!$B$2:$B$60,MATCH(D5,Team!$A$2:$A$60,0)),"(assign)") | F5: =Blocks!E5 | G5: =MAX(WORKDAY(H4,1,Holidays!$A$2:$A$60)) | H5: =IF(F5=0,G5,WORKDAY(G5,F5-1,Holidays!$A$2:$A$60)) | I5: 46245 | J5: 46246 | K5: =IF(J5="","",H5-J5) | L5: =IF(Blocks!H5="","",Blocks!H5)
A6: =Inputs!A2 | B6: =Blocks!B6 | C6: =Blocks!C6 | D6: =Blocks!D6 | E6: =IFERROR(INDEX(Team!$B$2:$B$60,MATCH(D6,Team!$A$2:$A$60,0)),"(assign)") | F6: =Blocks!E6 | G6: =IF(Inputs!E2="",MAX(WORKDAY(H5,1,Holidays!$A$2:$A$60)),Inputs!E2) | H6: =IF(F6=0,G6,WORKDAY(G6,F6-1,Holidays!$A$2:$A$60)) | L6: =IF(Blocks!H6="","",Blocks!H6)
A7: =Inputs!A2 | B7: =Blocks!B7 | C7: =Blocks!C7 | D7: =Blocks!D7 | E7: =IFERROR(INDEX(Team!$B$2:$B$60,MATCH(D7,Team!$A$2:$A$60,0)),"(assign)") | F7: =Blocks!E7 | G7: =MAX(Inputs!F2,WORKDAY(H5,1,Holidays!$A$2:$A$60),WORKDAY(H6,1,Holidays!$A$2:$A$60)) | H7: =IF(F7=0,G7,WORKDAY(G7,F7-1,Holidays!$A$2:$A$60)) | I7: 46302 | J7: 46302 | K7: =IF(J7="","",H7-J7) | L7: =IF(Blocks!H7="","",Blocks!H7)
A8: =Inputs!A2 | B8: =Blocks!B8 | C8: =Blocks!C8 | D8: =Blocks!D8 | E8: =IFERROR(INDEX(Team!$B$2:$B$60,MATCH(D8,Team!$A$2:$A$60,0)),"(assign)") | F8: =Blocks!E8 | G8: =MAX(WORKDAY(H7,1,Holidays!$A$2:$A$60)) | H8: =IF(F8=0,G8,WORKDAY(G8,F8-1,Holidays!$A$2:$A$60)) | I8: 46303 | J8: 46315 | K8: =IF(J8="","",H8-J8) | L8: =IF(Blocks!H8="","",Blocks!H8)
A9: =Inputs!A2 | B9: =Blocks!B9 | C9: =Blocks!C9 | D9: =Blocks!D9 | E9: =IFERROR(INDEX(Team!$B$2:$B$60,MATCH(D9,Team!$A$2:$A$60,0)),"(assign)") | F9: =Blocks!E9 | G9: =MAX(WORKDAY(H8,1,Holidays!$A$2:$A$60)) | H9: =IF(F9=0,G9,WORKDAY(G9,F9-1,Holidays!$A$2:$A$60)) | I9: 46316 | J9: 46316 | K9: =IF(J9="","",H9-J9) | L9: =IF(Blocks!H9="","",Blocks!H9)
A10: =Inputs!A2 | B10: =Blocks!B10 | C10: =Blocks!C10 | D10: =Blocks!D10 | E10: =IFERROR(INDEX(Team!$B$2:$B$60,MATCH(D10,Team!$A$2:$A$60,0)),"(assign)") | F10: =Blocks!E10 | G10: =G9 | H10: =IF(F10=0,G10,WORKDAY(G10,F10-1,Holidays!$A$2:$A$60)) | L10: =IF(Blocks!H10="","",Blocks!H10)
A11: =Inputs!A2 | B11: =Blocks!B11 | C11: =Blocks!C11 | D11: =Blocks!D11 | E11: =IFERROR(INDEX(Team!$B$2:$B$60,MATCH(D11,Team!$A$2:$A$60,0)),"(assign)") | F11: =Blocks!E11 | G11: =MAX(WORKDAY(H9,1,Holidays!$A$2:$A$60)) | H11: =IF(F11=0,G11,WORKDAY(G11,F11-1,Holidays!$A$2:$A$60)) | I11: 46317 | J11: 46318 | K11: =IF(J11="","",H11-J11) | L11: =IF(Blocks!H11="","",Blocks!H11)
A12: =Inputs!A2 | B12: =Blocks!B12 | C12: =Blocks!C12 | D12: =Blocks!D12 | E12: =IFERROR(INDEX(Team!$B$2:$B$60,MATCH(D12,Team!$A$2:$A$60,0)),"(assign)") | F12: =Blocks!E12 | G12: =MAX(WORKDAY(H9,1,Holidays!$A$2:$A$60)) | H12: =IF(F12=0,G12,WORKDAY(G12,F12-1,Holidays!$A$2:$A$60)) | I12: 46317 | J12: 46322 | K12: =IF(J12="","",H12-J12) | L12: =IF(Blocks!H12="","",Blocks!H12)
A13: =Inputs!A2 | B13: =Blocks!B13 | C13: =Blocks!C13 | D13: =Blocks!D13 | E13: =IFERROR(INDEX(Team!$B$2:$B$60,MATCH(D13,Team!$A$2:$A$60,0)),"(assign)") | F13: =Blocks!E13 | G13: =MAX(H10,H11,H12) | H13: =IF(F13=0,G13,WORKDAY(G13,F13-1,Holidays!$A$2:$A$60)) | L13: =IF(Blocks!H13="","",Blocks!H13)
A14: =Inputs!A3 | C14: =Inputs!B3&": Mold "&Inputs!A3&" ("&Inputs!C3&")" | G14: =MIN(G15:G25) | H14: =MAX(H15:H25)
A15: =Inputs!A3 | B15: =Blocks!B3 | C15: =Blocks!C3 | D15: =Blocks!D3 | E15: =IFERROR(INDEX(Team!$B$2:$B$60,MATCH(D15,Team!$A$2:$A$60,0)),"(assign)") | F15: =Blocks!E3 | G15: =WORKDAY(G17,-F15,Holidays!$A$2:$A$60) | H15: =IF(F15=0,G15,WORKDAY(G15,F15-1,Holidays!$A$2:$A$60)) | L15: =IF(Blocks!H3="","",Blocks!H3)
A16: =Inputs!A3 | B16: =Blocks!B4 | C16: =Blocks!C4 | D16: =Blocks!D4 | E16: =IFERROR(INDEX(Team!$B$2:$B$60,MATCH(D16,Team!$A$2:$A$60,0)),"(assign)") | F16: =Blocks!E4 | G16: =Inputs!D3 | H16: =IF(F16=0,G16,WORKDAY(G16,F16-1,Holidays!$A$2:$A$60)) | L16: =IF(Blocks!H4="","",Blocks!H4)
A17: =Inputs!A3 | B17: =Blocks!B5 | C17: =Blocks!C5 | D17: =Blocks!D5 | E17: =IFERROR(INDEX(Team!$B$2:$B$60,MATCH(D17,Team!$A$2:$A$60,0)),"(assign)") | F17: =Blocks!E5 | G17: =MAX(WORKDAY(H16,1,Holidays!$A$2:$A$60)) | H17: =IF(F17=0,G17,WORKDAY(G17,F17-1,Holidays!$A$2:$A$60)) | I17: 46269 | J17: 46272 | K17: =IF(J17="","",H17-J17) | L17: =IF(Blocks!H5="","",Blocks!H5)
A18: =Inputs!A3 | B18: =Blocks!B6 | C18: =Blocks!C6 | D18: =Blocks!D6 | E18: =IFERROR(INDEX(Team!$B$2:$B$60,MATCH(D18,Team!$A$2:$A$60,0)),"(assign)") | F18: =Blocks!E6 | G18: =IF(Inputs!E3="",MAX(WORKDAY(H17,1,Holidays!$A$2:$A$60)),Inputs!E3) | H18: =IF(F18=0,G18,WORKDAY(G18,F18-1,Holidays!$A$2:$A$60)) | L18: =IF(Blocks!H6="","",Blocks!H6)
A19: =Inputs!A3 | B19: =Blocks!B7 | C19: =Blocks!C7 | D19: =Blocks!D7 | E19: =IFERROR(INDEX(Team!$B$2:$B$60,MATCH(D19,Team!$A$2:$A$60,0)),"(assign)") | F19: =Blocks!E7 | G19: =MAX(Inputs!F3,WORKDAY(H17,1,Holidays!$A$2:$A$60),WORKDAY(H18,1,Holidays!$A$2:$A$60)) | H19: =IF(F19=0,G19,WORKDAY(G19,F19-1,Holidays!$A$2:$A$60)) | I19: 46303 | J19: 46303 | K19: =IF(J19="","",H19-J19) | L19: =IF(Blocks!H7="","",Blocks!H7)
A20: =Inputs!A3 | B20: =Blocks!B8 | C20: =Blocks!C8 | D20: =Blocks!D8 | E20: =IFERROR(INDEX(Team!$B$2:$B$60,MATCH(D20,Team!$A$2:$A$60,0)),"(assign)") | F20: =Blocks!E8 | G20: =MAX(WORKDAY(H19,1,Holidays!$A$2:$A$60)) | H20: =IF(F20=0,G20,WORKDAY(G20,F20-1,Holidays!$A$2:$A$60)) | I20: 46304 | J20: 46316 | K20: =IF(J20="","",H20-J20) | L20: =IF(Blocks!H8="","",Blocks!H8)
A21: =Inputs!A3 | B21: =Blocks!B9 | C21: =Blocks!C9 | D21: =Blocks!D9 | E21: =IFERROR(INDEX(Team!$B$2:$B$60,MATCH(D21,Team!$A$2:$A$60,0)),"(assign)") | F21: =Blocks!E9 | G21: =MAX(WORKDAY(H20,1,Holidays!$A$2:$A$60)) | H21: =IF(F21=0,G21,WORKDAY(G21,F21-1,Holidays!$A$2:$A$60)) | I21: 46317 | J21: 46317 | K21: =IF(J21="","",H21-J21) | L21: =IF(Blocks!H9="","",Blocks!H9)
A22: =Inputs!A3 | B22: =Blocks!B10 | C22: =Blocks!C10 | D22: =Blocks!D10 | E22: =IFERROR(INDEX(Team!$B$2:$B$60,MATCH(D22,Team!$A$2:$A$60,0)),"(assign)") | F22: =Blocks!E10 | G22: =G21 | H22: =IF(F22=0,G22,WORKDAY(G22,F22-1,Holidays!$A$2:$A$60)) | L22: =IF(Blocks!H10="","",Blocks!H10)
A23: =Inputs!A3 | B23: =Blocks!B11 | C23: =Blocks!C11 | D23: =Blocks!D11 | E23: =IFERROR(INDEX(Team!$B$2:$B$60,MATCH(D23,Team!$A$2:$A$60,0)),"(assign)") | F23: =Blocks!E11 | G23: =MAX(WORKDAY(H21,1,Holidays!$A$2:$A$60)) | H23: =IF(F23=0,G23,WORKDAY(G23,F23-1,Holidays!$A$2:$A$60)) | I23: 46318 | J23: 46321 | K23: =IF(J23="","",H23-J23) | L23: =IF(Blocks!H11="","",Blocks!H11)
A24: =Inputs!A3 | B24: =Blocks!B12 | C24: =Blocks!C12 | D24: =Blocks!D12 | E24: =IFERROR(INDEX(Team!$B$2:$B$60,MATCH(D24,Team!$A$2:$A$60,0)),"(assign)") | F24: =Blocks!E12 | G24: =MAX(WORKDAY(H21,1,Holidays!$A$2:$A$60)) | H24: =IF(F24=0,G24,WORKDAY(G24,F24-1,Holidays!$A$2:$A$60)) | I24: 46318 | J24: 46323 | K24: =IF(J24="","",H24-J24) | L24: =IF(Blocks!H12="","",Blocks!H12)
A25: =Inputs!A3 | B25: =Blocks!B13 | C25: =Blocks!C13 | D25: =Blocks!D13 | E25: =IFERROR(INDEX(Team!$B$2:$B$60,MATCH(D25,Team!$A$2:$A$60,0)),"(assign)") | F25: =Blocks!E13 | G25: =MAX(H22,H23,H24) | H25: =IF(F25=0,G25,WORKDAY(G25,F25-1,Holidays!$A$2:$A$60)) | L25: =IF(Blocks!H13="","",Blocks!H13)
A26: =Inputs!A4 | C26: =Inputs!B4&": Mold "&Inputs!A4&" ("&Inputs!C4&")" | G26: =MIN(G27:G37) | H26: =MAX(H27:H37)
A27: =Inputs!A4 | B27: =Blocks!B3 | C27: =Blocks!C3 | D27: =Blocks!D3 | E27: =IFERROR(INDEX(Team!$B$2:$B$60,MATCH(D27,Team!$A$2:$A$60,0)),"(assign)") | F27: =Blocks!E3 | G27: =WORKDAY(G29,-F27,Holidays!$A$2:$A$60) | H27: =IF(F27=0,G27,WORKDAY(G27,F27-1,Holidays!$A$2:$A$60)) | L27: =IF(Blocks!H3="","",Blocks!H3)
A28: =Inputs!A4 | B28: =Blocks!B4 | C28: =Blocks!C4 | D28: =Blocks!D4 | E28: =IFERROR(INDEX(Team!$B$2:$B$60,MATCH(D28,Team!$A$2:$A$60,0)),"(assign)") | F28: =Blocks!E4 | G28: =Inputs!D4 | H28: =IF(F28=0,G28,WORKDAY(G28,F28-1,Holidays!$A$2:$A$60)) | L28: =IF(Blocks!H4="","",Blocks!H4)
A29: =Inputs!A4 | B29: =Blocks!B5 | C29: =Blocks!C5 | D29: =Blocks!D5 | E29: =IFERROR(INDEX(Team!$B$2:$B$60,MATCH(D29,Team!$A$2:$A$60,0)),"(assign)") | F29: =Blocks!E5 | G29: =MAX(WORKDAY(H28,1,Holidays!$A$2:$A$60)) | H29: =IF(F29=0,G29,WORKDAY(G29,F29-1,Holidays!$A$2:$A$60)) | I29: 46269 | J29: 46272 | K29: =IF(J29="","",H29-J29) | L29: =IF(Blocks!H5="","",Blocks!H5)
A30: =Inputs!A4 | B30: =Blocks!B6 | C30: =Blocks!C6 | D30: =Blocks!D6 | E30: =IFERROR(INDEX(Team!$B$2:$B$60,MATCH(D30,Team!$A$2:$A$60,0)),"(assign)") | F30: =Blocks!E6 | G30: =IF(Inputs!E4="",MAX(WORKDAY(H29,1,Holidays!$A$2:$A$60)),Inputs!E4) | H30: =IF(F30=0,G30,WORKDAY(G30,F30-1,Holidays!$A$2:$A$60)) | L30: =IF(Blocks!H6="","",Blocks!H6)
A31: =Inputs!A4 | B31: =Blocks!B7 | C31: =Blocks!C7 | D31: =Blocks!D7 | E31: =IFERROR(INDEX(Team!$B$2:$B$60,MATCH(D31,Team!$A$2:$A$60,0)),"(assign)") | F31: =Blocks!E7 | G31: =MAX(Inputs!F4,WORKDAY(H29,1,Holidays!$A$2:$A$60),WORKDAY(H30,1,Holidays!$A$2:$A$60)) | H31: =IF(F31=0,G31,WORKDAY(G31,F31-1,Holidays!$A$2:$A$60)) | I31: 46304 | J31: 46304 | K31: =IF(J31="","",H31-J31) | L31: =IF(Blocks!H7="","",Blocks!H7)
A32: =Inputs!A4 | B32: =Blocks!B8 | C32: =Blocks!C8 | D32: =Blocks!D8 | E32: =IFERROR(INDEX(Team!$B$2:$B$60,MATCH(D32,Team!$A$2:$A$60,0)),"(assign)") | F32: =Blocks!E8 | G32: =MAX(WORKDAY(H31,1,Holidays!$A$2:$A$60)) | H32: =IF(F32=0,G32,WORKDAY(G32,F32-1,Holidays!$A$2:$A$60)) | I32: 46307 | J32: 46317 | K32: =IF(J32="","",H32-J32) | L32: =IF(Blocks!H8="","",Blocks!H8)
A33: =Inputs!A4 | B33: =Blocks!B9 | C33: =Blocks!C9 | D33: =Blocks!D9 | E33: =IFERROR(INDEX(Team!$B$2:$B$60,MATCH(D33,Team!$A$2:$A$60,0)),"(assign)") | F33: =Blocks!E9 | G33: =MAX(WORKDAY(H32,1,Holidays!$A$2:$A$60)) | H33: =IF(F33=0,G33,WORKDAY(G33,F33-1,Holidays!$A$2:$A$60)) | I33: 46318 | J33: 46318 | K33: =IF(J33="","",H33-J33) | L33: =IF(Blocks!H9="","",Blocks!H9)
A34: =Inputs!A4 | B34: =Blocks!B10 | C34: =Blocks!C10 | D34: =Blocks!D10 | E34: =IFERROR(INDEX(Team!$B$2:$B$60,MATCH(D34,Team!$A$2:$A$60,0)),"(assign)") | F34: =Blocks!E10 | G34: =G33 | H34: =IF(F34=0,G34,WORKDAY(G34,F34-1,Holidays!$A$2:$A$60)) | L34: =IF(Blocks!H10="","",Blocks!H10)
A35: =Inputs!A4 | B35: =Blocks!B11 | C35: =Blocks!C11 | D35: =Blocks!D11 | E35: =IFERROR(INDEX(Team!$B$2:$B$60,MATCH(D35,Team!$A$2:$A$60,0)),"(assign)") | F35: =Blocks!E11 | G35: =MAX(WORKDAY(H33,1,Holidays!$A$2:$A$60)) | H35: =IF(F35=0,G35,WORKDAY(G35,F35-1,Holidays!$A$2:$A$60)) | I35: 46321 | J35: 46322 | K35: =IF(J35="","",H35-J35) | L35: =IF(Blocks!H11="","",Blocks!H11)
A36: =Inputs!A4 | B36: =Blocks!B12 | C36: =Blocks!C12 | D36: =Blocks!D12 | E36: =IFERROR(INDEX(Team!$B$2:$B$60,MATCH(D36,Team!$A$2:$A$60,0)),"(assign)") | F36: =Blocks!E12 | G36: =MAX(WORKDAY(H33,1,Holidays!$A$2:$A$60)) | H36: =IF(F36=0,G36,WORKDAY(G36,F36-1,Holidays!$A$2:$A$60)) | I36: 46321 | J36: 46324 | K36: =IF(J36="","",H36-J36) | L36: =IF(Blocks!H12="","",Blocks!H12)
A37: =Inputs!A4 | B37: =Blocks!B13 | C37: =Blocks!C13 | D37: =Blocks!D13 | E37: =IFERROR(INDEX(Team!$B$2:$B$60,MATCH(D37,Team!$A$2:$A$60,0)),"(assign)") | F37: =Blocks!E13 | G37: =MAX(H34,H35,H36) | H37: =IF(F37=0,G37,WORKDAY(G37,F37-1,Holidays!$A$2:$A$60)) | L37: =IF(Blocks!H13="","",Blocks!H13)
A38: =Inputs!A5 | C38: =Inputs!B5&": Mold "&Inputs!A5&" ("&Inputs!C5&")" | G38: =MIN(G39:G49) | H38: =MAX(H39:H49)
A39: =Inputs!A5 | B39: =Blocks!B3 | C39: =Blocks!C3 | D39: =Blocks!D3 | E39: =IFERROR(INDEX(Team!$B$2:$B$60,MATCH(D39,Team!$A$2:$A$60,0)),"(assign)") | F39: =Blocks!E3 | G39: =WORKDAY(G41,-F39,Holidays!$A$2:$A$60) | H39: =IF(F39=0,G39,WORKDAY(G39,F39-1,Holidays!$A$2:$A$60)) | L39: =IF(Blocks!H3="","",Blocks!H3)
A40: =Inputs!A5 | B40: =Blocks!B4 | C40: =Blocks!C4 | D40: =Blocks!D4 | E40: =IFERROR(INDEX(Team!$B$2:$B$60,MATCH(D40,Team!$A$2:$A$60,0)),"(assign)") | F40: =Blocks!E4 | G40: =Inputs!D5 | H40: =IF(F40=0,G40,WORKDAY(G40,F40-1,Holidays!$A$2:$A$60)) | L40: =IF(Blocks!H4="","",Blocks!H4)
A41: =Inputs!A5 | B41: =Blocks!B5 | C41: =Blocks!C5 | D41: =Blocks!D5 | E41: =IFERROR(INDEX(Team!$B$2:$B$60,MATCH(D41,Team!$A$2:$A$60,0)),"(assign)") | F41: =Blocks!E5 | G41: =MAX(WORKDAY(H40,1,Holidays!$A$2:$A$60)) | H41: =IF(F41=0,G41,WORKDAY(G41,F41-1,Holidays!$A$2:$A$60)) | I41: 46251 | J41: 46252 | K41: =IF(J41="","",H41-J41) | L41: =IF(Blocks!H5="","",Blocks!H5)
A42: =Inputs!A5 | B42: =Blocks!B6 | C42: =Blocks!C6 | D42: =Blocks!D6 | E42: =IFERROR(INDEX(Team!$B$2:$B$60,MATCH(D42,Team!$A$2:$A$60,0)),"(assign)") | F42: =Blocks!E6 | G42: =IF(Inputs!E5="",MAX(WORKDAY(H41,1,Holidays!$A$2:$A$60)),Inputs!E5) | H42: =IF(F42=0,G42,WORKDAY(G42,F42-1,Holidays!$A$2:$A$60)) | L42: =IF(Blocks!H6="","",Blocks!H6)
A43: =Inputs!A5 | B43: =Blocks!B7 | C43: =Blocks!C7 | D43: =Blocks!D7 | E43: =IFERROR(INDEX(Team!$B$2:$B$60,MATCH(D43,Team!$A$2:$A$60,0)),"(assign)") | F43: =Blocks!E7 | G43: =MAX(Inputs!F5,WORKDAY(H41,1,Holidays!$A$2:$A$60),WORKDAY(H42,1,Holidays!$A$2:$A$60)) | H43: =IF(F43=0,G43,WORKDAY(G43,F43-1,Holidays!$A$2:$A$60)) | I43: 46308 | J43: 46308 | K43: =IF(J43="","",H43-J43) | L43: =IF(Blocks!H7="","",Blocks!H7)
A44: =Inputs!A5 | B44: =Blocks!B8 | C44: =Blocks!C8 | D44: =Blocks!D8 | E44: =IFERROR(INDEX(Team!$B$2:$B$60,MATCH(D44,Team!$A$2:$A$60,0)),"(assign)") | F44: =Blocks!E8 | G44: =MAX(WORKDAY(H43,1,Holidays!$A$2:$A$60)) | H44: =IF(F44=0,G44,WORKDAY(G44,F44-1,Holidays!$A$2:$A$60)) | I44: 46309 | J44: 46321 | K44: =IF(J44="","",H44-J44) | L44: =IF(Blocks!H8="","",Blocks!H8)
A45: =Inputs!A5 | B45: =Blocks!B9 | C45: =Blocks!C9 | D45: =Blocks!D9 | E45: =IFERROR(INDEX(Team!$B$2:$B$60,MATCH(D45,Team!$A$2:$A$60,0)),"(assign)") | F45: =Blocks!E9 | G45: =MAX(WORKDAY(H44,1,Holidays!$A$2:$A$60)) | H45: =IF(F45=0,G45,WORKDAY(G45,F45-1,Holidays!$A$2:$A$60)) | I45: 46322 | J45: 46322 | K45: =IF(J45="","",H45-J45) | L45: =IF(Blocks!H9="","",Blocks!H9)
A46: =Inputs!A5 | B46: =Blocks!B10 | C46: =Blocks!C10 | D46: =Blocks!D10 | E46: =IFERROR(INDEX(Team!$B$2:$B$60,MATCH(D46,Team!$A$2:$A$60,0)),"(assign)") | F46: =Blocks!E10 | G46: =G45 | H46: =IF(F46=0,G46,WORKDAY(G46,F46-1,Holidays!$A$2:$A$60)) | L46: =IF(Blocks!H10="","",Blocks!H10)
A47: =Inputs!A5 | B47: =Blocks!B11 | C47: =Blocks!C11 | D47: =Blocks!D11 | E47: =IFERROR(INDEX(Team!$B$2:$B$60,MATCH(D47,Team!$A$2:$A$60,0)),"(assign)") | F47: =Blocks!E11 | G47: =MAX(WORKDAY(H45,1,Holidays!$A$2:$A$60)) | H47: =IF(F47=0,G47,WORKDAY(G47,F47-1,Holidays!$A$2:$A$60)) | I47: 46323 | J47: 46324 | K47: =IF(J47="","",H47-J47) | L47: =IF(Blocks!H11="","",Blocks!H11)
A48: =Inputs!A5 | B48: =Blocks!B12 | C48: =Blocks!C12 | D48: =Blocks!D12 | E48: =IFERROR(INDEX(Team!$B$2:$B$60,MATCH(D48,Team!$A$2:$A$60,0)),"(assign)") | F48: =Blocks!E12 | G48: =MAX(WORKDAY(H45,1,Holidays!$A$2:$A$60)) | H48: =IF(F48=0,G48,WORKDAY(G48,F48-1,Holidays!$A$2:$A$60)) | I48: 46323 | J48: 46328 | K48: =IF(J48="","",H48-J48) | L48: =IF(Blocks!H12="","",Blocks!H12)
A49: =Inputs!A5 | B49: =Blocks!B13 | C49: =Blocks!C13 | D49: =Blocks!D13 | E49: =IFERROR(INDEX(Team!$B$2:$B$60,MATCH(D49,Team!$A$2:$A$60,0)),"(assign)") | F49: =Blocks!E13 | G49: =MAX(H46,H47,H48) | H49: =IF(F49=0,G49,WORKDAY(G49,F49-1,Holidays!$A$2:$A$60)) | L49: =IF(Blocks!H13="","",Blocks!H13)
A50: =Inputs!A6 | C50: =Inputs!B6&": Mold "&Inputs!A6&" ("&Inputs!C6&")" | G50: =MIN(G51:G61) | H50: =MAX(H51:H61)
A51: =Inputs!A6 | B51: =Blocks!B3 | C51: =Blocks!C3 | D51: =Blocks!D3 | E51: =IFERROR(INDEX(Team!$B$2:$B$60,MATCH(D51,Team!$A$2:$A$60,0)),"(assign)") | F51: =Blocks!E3 | G51: =WORKDAY(G53,-F51,Holidays!$A$2:$A$60) | H51: =IF(F51=0,G51,WORKDAY(G51,F51-1,Holidays!$A$2:$A$60)) | L51: =IF(Blocks!H3="","",Blocks!H3)
A52: =Inputs!A6 | B52: =Blocks!B4 | C52: =Blocks!C4 | D52: =Blocks!D4 | E52: =IFERROR(INDEX(Team!$B$2:$B$60,MATCH(D52,Team!$A$2:$A$60,0)),"(assign)") | F52: =Blocks!E4 | G52: =Inputs!D6 | H52: =IF(F52=0,G52,WORKDAY(G52,F52-1,Holidays!$A$2:$A$60)) | L52: =IF(Blocks!H4="","",Blocks!H4)
A53: =Inputs!A6 | B53: =Blocks!B5 | C53: =Blocks!C5 | D53: =Blocks!D5 | E53: =IFERROR(INDEX(Team!$B$2:$B$60,MATCH(D53,Team!$A$2:$A$60,0)),"(assign)") | F53: =Blocks!E5 | G53: =MAX(WORKDAY(H52,1,Holidays!$A$2:$A$60)) | H53: =IF(F53=0,G53,WORKDAY(G53,F53-1,Holidays!$A$2:$A$60)) | I53: 46247 | J53: 46248 | K53: =IF(J53="","",H53-J53) | L53: =IF(Blocks!H5="","",Blocks!H5)
A54: =Inputs!A6 | B54: =Blocks!B6 | C54: =Blocks!C6 | D54: =Blocks!D6 | E54: =IFERROR(INDEX(Team!$B$2:$B$60,MATCH(D54,Team!$A$2:$A$60,0)),"(assign)") | F54: =Blocks!E6 | G54: =IF(Inputs!E6="",MAX(WORKDAY(H53,1,Holidays!$A$2:$A$60)),Inputs!E6) | H54: =IF(F54=0,G54,WORKDAY(G54,F54-1,Holidays!$A$2:$A$60)) | L54: =IF(Blocks!H6="","",Blocks!H6)
A55: =Inputs!A6 | B55: =Blocks!B7 | C55: =Blocks!C7 | D55: =Blocks!D7 | E55: =IFERROR(INDEX(Team!$B$2:$B$60,MATCH(D55,Team!$A$2:$A$60,0)),"(assign)") | F55: =Blocks!E7 | G55: =MAX(Inputs!F6,WORKDAY(H53,1,Holidays!$A$2:$A$60),WORKDAY(H54,1,Holidays!$A$2:$A$60)) | H55: =IF(F55=0,G55,WORKDAY(G55,F55-1,Holidays!$A$2:$A$60)) | L55: =IF(Blocks!H7="","",Blocks!H7)
A56: =Inputs!A6 | B56: =Blocks!B8 | C56: =Blocks!C8 | D56: =Blocks!D8 | E56: =IFERROR(INDEX(Team!$B$2:$B$60,MATCH(D56,Team!$A$2:$A$60,0)),"(assign)") | F56: =Blocks!E8 | G56: =MAX(WORKDAY(H55,1,Holidays!$A$2:$A$60)) | H56: =IF(F56=0,G56,WORKDAY(G56,F56-1,Holidays!$A$2:$A$60)) | I56: 46300 | J56: 46308 | K56: =IF(J56="","",H56-J56) | L56: =IF(Blocks!H8="","",Blocks!H8)
A57: =Inputs!A6 | B57: =Blocks!B9 | C57: =Blocks!C9 | D57: =Blocks!D9 | E57: =IFERROR(INDEX(Team!$B$2:$B$60,MATCH(D57,Team!$A$2:$A$60,0)),"(assign)") | F57: =Blocks!E9 | G57: =MAX(WORKDAY(H56,1,Holidays!$A$2:$A$60)) | H57: =IF(F57=0,G57,WORKDAY(G57,F57-1,Holidays!$A$2:$A$60)) | I57: 46309 | J57: 46309 | K57: =IF(J57="","",H57-J57) | L57: =IF(Blocks!H9="","",Blocks!H9)
A58: =Inputs!A6 | B58: =Blocks!B10 | C58: =Blocks!C10 | D58: =Blocks!D10 | E58: =IFERROR(INDEX(Team!$B$2:$B$60,MATCH(D58,Team!$A$2:$A$60,0)),"(assign)") | F58: =Blocks!E10 | G58: =G57 | H58: =IF(F58=0,G58,WORKDAY(G58,F58-1,Holidays!$A$2:$A$60)) | L58: =IF(Blocks!H10="","",Blocks!H10)
A59: =Inputs!A6 | B59: =Blocks!B11 | C59: =Blocks!C11 | D59: =Blocks!D11 | E59: =IFERROR(INDEX(Team!$B$2:$B$60,MATCH(D59,Team!$A$2:$A$60,0)),"(assign)") | F59: =Blocks!E11 | G59: =MAX(WORKDAY(H57,1,Holidays!$A$2:$A$60)) | H59: =IF(F59=0,G59,WORKDAY(G59,F59-1,Holidays!$A$2:$A$60)) | I59: 46310 | J59: 46311 | K59: =IF(J59="","",H59-J59) | L59: =IF(Blocks!H11="","",Blocks!H11)
A60: =Inputs!A6 | B60: =Blocks!B12 | C60: =Blocks!C12 | D60: =Blocks!D12 | E60: =IFERROR(INDEX(Team!$B$2:$B$60,MATCH(D60,Team!$A$2:$A$60,0)),"(assign)") | F60: =Blocks!E12 | G60: =MAX(WORKDAY(H57,1,Holidays!$A$2:$A$60)) | H60: =IF(F60=0,G60,WORKDAY(G60,F60-1,Holidays!$A$2:$A$60)) | I60: 46310 | J60: 46315 | K60: =IF(J60="","",H60-J60) | L60: =IF(Blocks!H12="","",Blocks!H12)
A61: =Inputs!A6 | B61: =Blocks!B13 | C61: =Blocks!C13 | D61: =Blocks!D13 | E61: =IFERROR(INDEX(Team!$B$2:$B$60,MATCH(D61,Team!$A$2:$A$60,0)),"(assign)") | F61: =Blocks!E13 | G61: =MAX(H58,H59,H60) | H61: =IF(F61=0,G61,WORKDAY(G61,F61-1,Holidays!$A$2:$A$60)) | L61: =IF(Blocks!H13="","",Blocks!H13)
A62: =Inputs!A7 | C62: =Inputs!B7&": Mold "&Inputs!A7&" ("&Inputs!C7&")" | G62: =MIN(G63:G73) | H62: =MAX(H63:H73)
A63: =Inputs!A7 | B63: =Blocks!B3 | C63: =Blocks!C3 | D63: =Blocks!D3 | E63: =IFERROR(INDEX(Team!$B$2:$B$60,MATCH(D63,Team!$A$2:$A$60,0)),"(assign)") | F63: =Blocks!E3 | G63: =WORKDAY(G65,-F63,Holidays!$A$2:$A$60) | H63: =IF(F63=0,G63,WORKDAY(G63,F63-1,Holidays!$A$2:$A$60)) | L63: =IF(Blocks!H3="","",Blocks!H3)
A64: =Inputs!A7 | B64: =Blocks!B4 | C64: =Blocks!C4 | D64: =Blocks!D4 | E64: =IFERROR(INDEX(Team!$B$2:$B$60,MATCH(D64,Team!$A$2:$A$60,0)),"(assign)") | F64: =Blocks!E4 | G64: =Inputs!D7 | H64: =IF(F64=0,G64,WORKDAY(G64,F64-1,Holidays!$A$2:$A$60)) | L64: =IF(Blocks!H4="","",Blocks!H4)
A65: =Inputs!A7 | B65: =Blocks!B5 | C65: =Blocks!C5 | D65: =Blocks!D5 | E65: =IFERROR(INDEX(Team!$B$2:$B$60,MATCH(D65,Team!$A$2:$A$60,0)),"(assign)") | F65: =Blocks!E5 | G65: =MAX(WORKDAY(H64,1,Holidays!$A$2:$A$60)) | H65: =IF(F65=0,G65,WORKDAY(G65,F65-1,Holidays!$A$2:$A$60)) | I65: 46265 | J65: 46266 | K65: =IF(J65="","",H65-J65) | L65: =IF(Blocks!H5="","",Blocks!H5)
A66: =Inputs!A7 | B66: =Blocks!B6 | C66: =Blocks!C6 | D66: =Blocks!D6 | E66: =IFERROR(INDEX(Team!$B$2:$B$60,MATCH(D66,Team!$A$2:$A$60,0)),"(assign)") | F66: =Blocks!E6 | G66: =IF(Inputs!E7="",MAX(WORKDAY(H65,1,Holidays!$A$2:$A$60)),Inputs!E7) | H66: =IF(F66=0,G66,WORKDAY(G66,F66-1,Holidays!$A$2:$A$60)) | L66: =IF(Blocks!H6="","",Blocks!H6)
A67: =Inputs!A7 | B67: =Blocks!B7 | C67: =Blocks!C7 | D67: =Blocks!D7 | E67: =IFERROR(INDEX(Team!$B$2:$B$60,MATCH(D67,Team!$A$2:$A$60,0)),"(assign)") | F67: =Blocks!E7 | G67: =MAX(Inputs!F7,WORKDAY(H65,1,Holidays!$A$2:$A$60),WORKDAY(H66,1,Holidays!$A$2:$A$60)) | H67: =IF(F67=0,G67,WORKDAY(G67,F67-1,Holidays!$A$2:$A$60)) | I67: 46310 | J67: 46310 | K67: =IF(J67="","",H67-J67) | L67: =IF(Blocks!H7="","",Blocks!H7)
A68: =Inputs!A7 | B68: =Blocks!B8 | C68: =Blocks!C8 | D68: =Blocks!D8 | E68: =IFERROR(INDEX(Team!$B$2:$B$60,MATCH(D68,Team!$A$2:$A$60,0)),"(assign)") | F68: =Blocks!E8 | G68: =MAX(WORKDAY(H67,1,Holidays!$A$2:$A$60)) | H68: =IF(F68=0,G68,WORKDAY(G68,F68-1,Holidays!$A$2:$A$60)) | I68: 46311 | J68: 46323 | K68: =IF(J68="","",H68-J68) | L68: =IF(Blocks!H8="","",Blocks!H8)
A69: =Inputs!A7 | B69: =Blocks!B9 | C69: =Blocks!C9 | D69: =Blocks!D9 | E69: =IFERROR(INDEX(Team!$B$2:$B$60,MATCH(D69,Team!$A$2:$A$60,0)),"(assign)") | F69: =Blocks!E9 | G69: =MAX(WORKDAY(H68,1,Holidays!$A$2:$A$60)) | H69: =IF(F69=0,G69,WORKDAY(G69,F69-1,Holidays!$A$2:$A$60)) | I69: 46324 | J69: 46324 | K69: =IF(J69="","",H69-J69) | L69: =IF(Blocks!H9="","",Blocks!H9)
A70: =Inputs!A7 | B70: =Blocks!B10 | C70: =Blocks!C10 | D70: =Blocks!D10 | E70: =IFERROR(INDEX(Team!$B$2:$B$60,MATCH(D70,Team!$A$2:$A$60,0)),"(assign)") | F70: =Blocks!E10 | G70: =G69 | H70: =IF(F70=0,G70,WORKDAY(G70,F70-1,Holidays!$A$2:$A$60)) | L70: =IF(Blocks!H10="","",Blocks!H10)
A71: =Inputs!A7 | B71: =Blocks!B11 | C71: =Blocks!C11 | D71: =Blocks!D11 | E71: =IFERROR(INDEX(Team!$B$2:$B$60,MATCH(D71,Team!$A$2:$A$60,0)),"(assign)") | F71: =Blocks!E11 | G71: =MAX(WORKDAY(H69,1,Holidays!$A$2:$A$60)) | H71: =IF(F71=0,G71,WORKDAY(G71,F71-1,Holidays!$A$2:$A$60)) | I71: 46325 | J71: 46331 | K71: =IF(J71="","",H71-J71) | L71: =IF(Blocks!H11="","",Blocks!H11)
A72: =Inputs!A7 | B72: =Blocks!B12 | C72: =Blocks!C12 | D72: =Blocks!D12 | E72: =IFERROR(INDEX(Team!$B$2:$B$60,MATCH(D72,Team!$A$2:$A$60,0)),"(assign)") | F72: =Blocks!E12 | G72: =MAX(WORKDAY(H69,1,Holidays!$A$2:$A$60)) | H72: =IF(F72=0,G72,WORKDAY(G72,F72-1,Holidays!$A$2:$A$60)) | I72: 46325 | J72: 46330 | K72: =IF(J72="","",H72-J72) | L72: =IF(Blocks!H12="","",Blocks!H12)
A73: =Inputs!A7 | B73: =Blocks!B13 | C73: =Blocks!C13 | D73: =Blocks!D13 | E73: =IFERROR(INDEX(Team!$B$2:$B$60,MATCH(D73,Team!$A$2:$A$60,0)),"(assign)") | F73: =Blocks!E13 | G73: =MAX(H70,H71,H72) | H73: =IF(F73=0,G73,WORKDAY(G73,F73-1,Holidays!$A$2:$A$60)) | L73: =IF(Blocks!H13="","",Blocks!H13)
A74: =Inputs!A8 | C74: =Inputs!B8&": Mold "&Inputs!A8&" ("&Inputs!C8&")" | G74: =MIN(G75:G85) | H74: =MAX(H75:H85)
A75: =Inputs!A8 | B75: =Blocks!B3 | C75: =Blocks!C3 | D75: =Blocks!D3 | E75: =IFERROR(INDEX(Team!$B$2:$B$60,MATCH(D75,Team!$A$2:$A$60,0)),"(assign)") | F75: =Blocks!E3 | G75: =WORKDAY(G77,-F75,Holidays!$A$2:$A$60) | H75: =IF(F75=0,G75,WORKDAY(G75,F75-1,Holidays!$A$2:$A$60)) | L75: =IF(Blocks!H3="","",Blocks!H3)
A76: =Inputs!A8 | B76: =Blocks!B4 | C76: =Blocks!C4 | D76: =Blocks!D4 | E76: =IFERROR(INDEX(Team!$B$2:$B$60,MATCH(D76,Team!$A$2:$A$60,0)),"(assign)") | F76: =Blocks!E4 | G76: =Inputs!D8 | H76: =IF(F76=0,G76,WORKDAY(G76,F76-1,Holidays!$A$2:$A$60)) | L76: =IF(Blocks!H4="","",Blocks!H4)
A77: =Inputs!A8 | B77: =Blocks!B5 | C77: =Blocks!C5 | D77: =Blocks!D5 | E77: =IFERROR(INDEX(Team!$B$2:$B$60,MATCH(D77,Team!$A$2:$A$60,0)),"(assign)") | F77: =Blocks!E5 | G77: =MAX(WORKDAY(H76,1,Holidays!$A$2:$A$60)) | H77: =IF(F77=0,G77,WORKDAY(G77,F77-1,Holidays!$A$2:$A$60)) | I77: 46265 | J77: 46266 | K77: =IF(J77="","",H77-J77) | L77: =IF(Blocks!H5="","",Blocks!H5)
A78: =Inputs!A8 | B78: =Blocks!B6 | C78: =Blocks!C6 | D78: =Blocks!D6 | E78: =IFERROR(INDEX(Team!$B$2:$B$60,MATCH(D78,Team!$A$2:$A$60,0)),"(assign)") | F78: =Blocks!E6 | G78: =IF(Inputs!E8="",MAX(WORKDAY(H77,1,Holidays!$A$2:$A$60)),Inputs!E8) | H78: =IF(F78=0,G78,WORKDAY(G78,F78-1,Holidays!$A$2:$A$60)) | L78: =IF(Blocks!H6="","",Blocks!H6)
A79: =Inputs!A8 | B79: =Blocks!B7 | C79: =Blocks!C7 | D79: =Blocks!D7 | E79: =IFERROR(INDEX(Team!$B$2:$B$60,MATCH(D79,Team!$A$2:$A$60,0)),"(assign)") | F79: =Blocks!E7 | G79: =MAX(Inputs!F8,WORKDAY(H77,1,Holidays!$A$2:$A$60),WORKDAY(H78,1,Holidays!$A$2:$A$60)) | H79: =IF(F79=0,G79,WORKDAY(G79,F79-1,Holidays!$A$2:$A$60)) | I79: 46311 | J79: 46311 | K79: =IF(J79="","",H79-J79) | L79: =IF(Blocks!H7="","",Blocks!H7)
A80: =Inputs!A8 | B80: =Blocks!B8 | C80: =Blocks!C8 | D80: =Blocks!D8 | E80: =IFERROR(INDEX(Team!$B$2:$B$60,MATCH(D80,Team!$A$2:$A$60,0)),"(assign)") | F80: =Blocks!E8 | G80: =MAX(WORKDAY(H79,1,Holidays!$A$2:$A$60)) | H80: =IF(F80=0,G80,WORKDAY(G80,F80-1,Holidays!$A$2:$A$60)) | I80: 46314 | J80: 46324 | K80: =IF(J80="","",H80-J80) | L80: =IF(Blocks!H8="","",Blocks!H8)
A81: =Inputs!A8 | B81: =Blocks!B9 | C81: =Blocks!C9 | D81: =Blocks!D9 | E81: =IFERROR(INDEX(Team!$B$2:$B$60,MATCH(D81,Team!$A$2:$A$60,0)),"(assign)") | F81: =Blocks!E9 | G81: =MAX(WORKDAY(H80,1,Holidays!$A$2:$A$60)) | H81: =IF(F81=0,G81,WORKDAY(G81,F81-1,Holidays!$A$2:$A$60)) | I81: 46325 | J81: 46325 | K81: =IF(J81="","",H81-J81) | L81: =IF(Blocks!H9="","",Blocks!H9)
A82: =Inputs!A8 | B82: =Blocks!B10 | C82: =Blocks!C10 | D82: =Blocks!D10 | E82: =IFERROR(INDEX(Team!$B$2:$B$60,MATCH(D82,Team!$A$2:$A$60,0)),"(assign)") | F82: =Blocks!E10 | G82: =G81 | H82: =IF(F82=0,G82,WORKDAY(G82,F82-1,Holidays!$A$2:$A$60)) | L82: =IF(Blocks!H10="","",Blocks!H10)
A83: =Inputs!A8 | B83: =Blocks!B11 | C83: =Blocks!C11 | D83: =Blocks!D11 | E83: =IFERROR(INDEX(Team!$B$2:$B$60,MATCH(D83,Team!$A$2:$A$60,0)),"(assign)") | F83: =Blocks!E11 | G83: =MAX(WORKDAY(H81,1,Holidays!$A$2:$A$60)) | H83: =IF(F83=0,G83,WORKDAY(G83,F83-1,Holidays!$A$2:$A$60)) | I83: 46328 | J83: 46329 | K83: =IF(J83="","",H83-J83) | L83: =IF(Blocks!H11="","",Blocks!H11)
A84: =Inputs!A8 | B84: =Blocks!B12 | C84: =Blocks!C12 | D84: =Blocks!D12 | E84: =IFERROR(INDEX(Team!$B$2:$B$60,MATCH(D84,Team!$A$2:$A$60,0)),"(assign)") | F84: =Blocks!E12 | G84: =MAX(WORKDAY(H81,1,Holidays!$A$2:$A$60)) | H84: =IF(F84=0,G84,WORKDAY(G84,F84-1,Holidays!$A$2:$A$60)) | I84: 46328 | J84: 46331 | K84: =IF(J84="","",H84-J84) | L84: =IF(Blocks!H12="","",Blocks!H12)
A85: =Inputs!A8 | B85: =Blocks!B13 | C85: =Blocks!C13 | D85: =Blocks!D13 | E85: =IFERROR(INDEX(Team!$B$2:$B$60,MATCH(D85,Team!$A$2:$A$60,0)),"(assign)") | F85: =Blocks!E13 | G85: =MAX(H82,H83,H84) | H85: =IF(F85=0,G85,WORKDAY(G85,F85-1,Holidays!$A$2:$A$60)) | L85: =IF(Blocks!H13="","",Blocks!H13)
A86: =Inputs!A9 | C86: =Inputs!B9&": Mold "&Inputs!A9&" ("&Inputs!C9&")" | G86: =MIN(G87:G97) | H86: =MAX(H87:H97)
A87: =Inputs!A9 | B87: =Blocks!B3 | C87: =Blocks!C3 | D87: =Blocks!D3 | E87: =IFERROR(INDEX(Team!$B$2:$B$60,MATCH(D87,Team!$A$2:$A$60,0)),"(assign)") | F87: =Blocks!E3 | G87: =WORKDAY(G89,-F87,Holidays!$A$2:$A$60) | H87: =IF(F87=0,G87,WORKDAY(G87,F87-1,Holidays!$A$2:$A$60)) | L87: =IF(Blocks!H3="","",Blocks!H3)
A88: =Inputs!A9 | B88: =Blocks!B4 | C88: =Blocks!C4 | D88: =Blocks!D4 | E88: =IFERROR(INDEX(Team!$B$2:$B$60,MATCH(D88,Team!$A$2:$A$60,0)),"(assign)") | F88: =Blocks!E4 | G88: =Inputs!D9 | H88: =IF(F88=0,G88,WORKDAY(G88,F88-1,Holidays!$A$2:$A$60)) | L88: =IF(Blocks!H4="","",Blocks!H4)
A89: =Inputs!A9 | B89: =Blocks!B5 | C89: =Blocks!C5 | D89: =Blocks!D5 | E89: =IFERROR(INDEX(Team!$B$2:$B$60,MATCH(D89,Team!$A$2:$A$60,0)),"(assign)") | F89: =Blocks!E5 | G89: =MAX(WORKDAY(H88,1,Holidays!$A$2:$A$60)) | H89: =IF(F89=0,G89,WORKDAY(G89,F89-1,Holidays!$A$2:$A$60)) | I89: 46253 | J89: 46254 | K89: =IF(J89="","",H89-J89) | L89: =IF(Blocks!H5="","",Blocks!H5)
A90: =Inputs!A9 | B90: =Blocks!B6 | C90: =Blocks!C6 | D90: =Blocks!D6 | E90: =IFERROR(INDEX(Team!$B$2:$B$60,MATCH(D90,Team!$A$2:$A$60,0)),"(assign)") | F90: =Blocks!E6 | G90: =IF(Inputs!E9="",MAX(WORKDAY(H89,1,Holidays!$A$2:$A$60)),Inputs!E9) | H90: =IF(F90=0,G90,WORKDAY(G90,F90-1,Holidays!$A$2:$A$60)) | L90: =IF(Blocks!H6="","",Blocks!H6)
A91: =Inputs!A9 | B91: =Blocks!B7 | C91: =Blocks!C7 | D91: =Blocks!D7 | E91: =IFERROR(INDEX(Team!$B$2:$B$60,MATCH(D91,Team!$A$2:$A$60,0)),"(assign)") | F91: =Blocks!E7 | G91: =MAX(Inputs!F9,WORKDAY(H89,1,Holidays!$A$2:$A$60),WORKDAY(H90,1,Holidays!$A$2:$A$60)) | H91: =IF(F91=0,G91,WORKDAY(G91,F91-1,Holidays!$A$2:$A$60)) | I91: 46315 | J91: 46315 | K91: =IF(J91="","",H91-J91) | L91: =IF(Blocks!H7="","",Blocks!H7)
A92: =Inputs!A9 | B92: =Blocks!B8 | C92: =Blocks!C8 | D92: =Blocks!D8 | E92: =IFERROR(INDEX(Team!$B$2:$B$60,MATCH(D92,Team!$A$2:$A$60,0)),"(assign)") | F92: =Blocks!E8 | G92: =MAX(WORKDAY(H91,1,Holidays!$A$2:$A$60)) | H92: =IF(F92=0,G92,WORKDAY(G92,F92-1,Holidays!$A$2:$A$60)) | I92: 46316 | J92: 46328 | K92: =IF(J92="","",H92-J92) | L92: =IF(Blocks!H8="","",Blocks!H8)
A93: =Inputs!A9 | B93: =Blocks!B9 | C93: =Blocks!C9 | D93: =Blocks!D9 | E93: =IFERROR(INDEX(Team!$B$2:$B$60,MATCH(D93,Team!$A$2:$A$60,0)),"(assign)") | F93: =Blocks!E9 | G93: =MAX(WORKDAY(H92,1,Holidays!$A$2:$A$60)) | H93: =IF(F93=0,G93,WORKDAY(G93,F93-1,Holidays!$A$2:$A$60)) | I93: 46329 | J93: 46329 | K93: =IF(J93="","",H93-J93) | L93: =IF(Blocks!H9="","",Blocks!H9)
A94: =Inputs!A9 | B94: =Blocks!B10 | C94: =Blocks!C10 | D94: =Blocks!D10 | E94: =IFERROR(INDEX(Team!$B$2:$B$60,MATCH(D94,Team!$A$2:$A$60,0)),"(assign)") | F94: =Blocks!E10 | G94: =G93 | H94: =IF(F94=0,G94,WORKDAY(G94,F94-1,Holidays!$A$2:$A$60)) | L94: =IF(Blocks!H10="","",Blocks!H10)
A95: =Inputs!A9 | B95: =Blocks!B11 | C95: =Blocks!C11 | D95: =Blocks!D11 | E95: =IFERROR(INDEX(Team!$B$2:$B$60,MATCH(D95,Team!$A$2:$A$60,0)),"(assign)") | F95: =Blocks!E11 | G95: =MAX(WORKDAY(H93,1,Holidays!$A$2:$A$60)) | H95: =IF(F95=0,G95,WORKDAY(G95,F95-1,Holidays!$A$2:$A$60)) | I95: 46330 | J95: 46331 | K95: =IF(J95="","",H95-J95) | L95: =IF(Blocks!H11="","",Blocks!H11)
A96: =Inputs!A9 | B96: =Blocks!B12 | C96: =Blocks!C12 | D96: =Blocks!D12 | E96: =IFERROR(INDEX(Team!$B$2:$B$60,MATCH(D96,Team!$A$2:$A$60,0)),"(assign)") | F96: =Blocks!E12 | G96: =MAX(WORKDAY(H93,1,Holidays!$A$2:$A$60)) | H96: =IF(F96=0,G96,WORKDAY(G96,F96-1,Holidays!$A$2:$A$60)) | I96: 46330 | J96: 46335 | K96: =IF(J96="","",H96-J96) | L96: =IF(Blocks!H12="","",Blocks!H12)
A97: =Inputs!A9 | B97: =Blocks!B13 | C97: =Blocks!C13 | D97: =Blocks!D13 | E97: =IFERROR(INDEX(Team!$B$2:$B$60,MATCH(D97,Team!$A$2:$A$60,0)),"(assign)") | F97: =Blocks!E13 | G97: =MAX(H94,H95,H96) | H97: =IF(F97=0,G97,WORKDAY(G97,F97-1,Holidays!$A$2:$A$60)) | L97: =IF(Blocks!H13="","",Blocks!H13)
A98: =Inputs!A10 | C98: =Inputs!B10&": Mold "&Inputs!A10&" ("&Inputs!C10&")" | G98: =MIN(G99:G109) | H98: =MAX(H99:H109)
A99: =Inputs!A10 | B99: =Blocks!B3 | C99: =Blocks!C3 | D99: =Blocks!D3 | E99: =IFERROR(INDEX(Team!$B$2:$B$60,MATCH(D99,Team!$A$2:$A$60,0)),"(assign)") | F99: =Blocks!E3 | G99: =WORKDAY(G101,-F99,Holidays!$A$2:$A$60) | H99: =IF(F99=0,G99,WORKDAY(G99,F99-1,Holidays!$A$2:$A$60)) | L99: =IF(Blocks!H3="","",Blocks!H3)
A100: =Inputs!A10 | B100: =Blocks!B4 | C100: =Blocks!C4 | D100: =Blocks!D4 | E100: =IFERROR(INDEX(Team!$B$2:$B$60,MATCH(D100,Team!$A$2:$A$60,0)),"(assign)") | F100: =Blocks!E4 | G100: =Inputs!D10 | H100: =IF(F100=0,G100,WORKDAY(G100,F100-1,Holidays!$A$2:$A$60)) | L100: =IF(Blocks!H4="","",Blocks!H4)
...

Sheet Blocks
A1: Block | B1: Step ID | C1: Step | D1: Role | E1: Duration (wd) | F1: Depends on | G1: Rule | H1: Checklist / deliverable
A2: LAUNCH: New / transfer mold launch (one per mold)
A3: LAUNCH | B3: L01 | C3: Assign location in plant layout | D3: Plant Layout | E3: 15 | F3: L03 | G3: Finish the workday before L03 starts
A4: LAUNCH | B4: L02 | C4: Mold delivery | D4: Program Manager | E4: 0 | G4: Start = input 'delivery'
A5: LAUNCH | B5: L03 | C5: Unpack / prep | D5: Toolshop | E5: 2 | F5: L02 | G5: Start the workday after L02 finish
A6: LAUNCH | B6: L04 | C6: Gauge validation | D6: Gauge / Metrology | E6: 1 | F6: L03 | G6: Input 'gauge' if given, else after L03
A7: LAUNCH | B7: L05 | C7: TH1 trial | D7: Trial Lead | E7: 1 | F7: L03, L04 | G7: Later of input 'th1' and after L03 and L04
A8: LAUNCH | B8: L06 | C8: Complete work instructions | D8: Process Engineer (WI) | E8: 9 | F8: L05 | G8: Start the workday after L05 finish | H8: WI, first piece & safe launch WI, gauge WI
A9: LAUNCH | B9: L07 | C9: TH2 trial | D9: Trial Lead | E9: 1 | F9: L06 | G9: Start the workday after L06 finish
A10: LAUNCH | B10: L08 | C10: Packaging trial / instruction | D10: Packaging | E10: 1 | F10: L07 | G10: Start the same day as L07 | H10: PDS / packaging instruction
A11: LAUNCH | B11: L09 | C11: 6-pc dimensional (CMM) | D11: CMM Lab | E11: 2 | F11: L07 | G11: Start the workday after L07 finish | H11: all cavities
A12: LAUNCH | B12: L10 | C12: 30-pc Cpk | D12: Quality Engineer | E12: 4 | F12: L07 | G12: Start the workday after L07 finish | H12: Weight; Thickness; every SPC characteristic on the control plan (from PDB)
A13: LAUNCH | B13: L11 | C13: Mold ready for PPAP | D13: Program Manager | E13: 0 | F13: L08, L09, L10 | G13: Milestone when L08, L09, L10 are done
A14: MOLDCHG: Mold engineering change (belongs in the plm2 ECR plan)
A15: MOLDCHG | B15: E01 | C15: Bank build for the change | D15: Production Planning | E15: 10 | F15: E02 | G15: Finish the workday before E02 starts | H15: coverage until changed parts ship
A16: MOLDCHG | B16: E02 | C16: Ship tool to toolmaker | D16: Toolshop | E16: 1 | G16: Start = input 'tool_out'
A17: MOLDCHG | B17: E03 | C17: Tool modification | D17: Tool Engineering | E17: 10 | F17: E02 | G17: Start the workday after E02 finish | H17: duration per quote
A18: MOLDCHG | B18: E04 | C18: Return tool to plant | D18: Toolshop | E18: 1 | F18: E03 | G18: Start the workday after E03 finish
A19: MOLDCHG | B19: E05 | C19: Verify AI level engraved in mold | D19: Toolshop | E19: 1 | F19: E04 | G19: Start the workday after E04 finish
A20: MOLDCHG | B20: E06 | C20: Change AI level in system | D20: Doc Control / ERP | E20: 2 | F20: E03 | G20: Start the same day as E03
A21: MOLDCHG | B21: E07 | C21: TH trial (changed tool) | D21: Trial Lead | E21: 1 | F21: E05, E06 | G21: Start the workday after E05 and E06 finish
A22: MOLDCHG | B22: E08 | C22: 6-pc dimensional (CMM) | D22: CMM Lab | E22: 2 | F22: E07 | G22: Start the workday after E07 finish | H22: all cavities
A23: MOLDCHG | B23: E09 | C23: 30-pc Cpk | D23: Quality Engineer | E23: 4 | F23: E07 | G23: Start the workday after E07 finish | H23: Weight; Thickness; every SPC characteristic on the control plan (from PDB)
A24: MOLDCHG | B24: E10 | C24: Material disposition (old level) | D24: Production Planning | E24: 1 | F24: E07 | G24: Start the same day as E07
A25: MOLDCHG | B25: E11 | C25: Customer part approval / sampling | D25: Program Manager | E25: 1 | F25: E08, E09 | G25: Start the workday after E08 and E09 finish | H25: optional: vehicle trial
A26: MOLDCHG | B26: E12 | C26: Production start-up, new level | D26: Production Planning | E26: 5 | F26: E11 | G26: Start the workday after E11 finish
A27: MOLDCHG | B27: E13 | C27: Changed parts delivered | D27: Program Manager | E27: 0 | F27: E12 | G27: Milestone when E12 are done
A28: PPAP: PPAP / ISIR package (one per part family)
A29: PPAP | B29: P01 | C29: Initial capability (10-pc Cpk) | D29: Quality Engineer | E29: 3 | G29: Start = input 'trial' | H29: Weight; Thickness; every SPC characteristic on the control plan (from PDB)
A30: PPAP | B30: P02 | C30: ISIR / iPQ package | D30: Quality Engineer | E30: 15 | F30: P01 | G30: Start the workday after P01 finish | H30: 0.1 Cover sheet; 0.2 Self-assessment; 1.3 Design/engineering approvals; 1.4 IMDS; 2.1 Process flowchart; 2.2 PFMEA; 2.3 Control plan; 3.1 Geometry/dimensions; 3.2 Material; 3.10 Reliability; 4.6 Tools; 5.1 Legal compliance; 5.4 MSA; 5.5 Part history; 5.6 Load carriers
A31: PPAP | B31: P03 | C31: Validation testing (PV) | D31: Quality Engineer | E31: 60 | F31: P02 | G31: Start the same day as P02 | H31: quote, select lab, ship samples, test
A32: PPAP | B32: P04 | C32: Full PPAP approval | D32: Program Manager | E32: 0 | F32: P02, P03 | G32: Milestone when P02, P03 are done

Sheet Inputs
A1: Mold | B1: Press | C1: Part numbers | D1: Delivery | E1: Gauge validation | F1: TH1 trial slot
A2: 3355 | B2: 900-5 | C2: 5A65DF8-03 | D2: 46244 | E2: 46297 | F2: 46302
A3: 3363 | B3: 1300-3 | C3: 5A65E17-03, 5A65E18-03 | D3: 46268 | E3: 46300 | F3: 46303
A4: 3370 | B4: 1600-2 | C4: 5B533A6-02 | D4: 46268 | E4: 46301 | F4: 46304
A5: 3377 | B5: 1300-2 | C5: 9635313-02, 9635314-02 | D5: 46244 | E5: 46302 | F5: 46308
A6: 3376 | B6: 1300-3 | C6: 9635311-02, 9635312-02 | D6: 46244 | E6: 46309
A7: 3362 | B7: 1600-2 | C7: 5A65E00-03, 5A65E00-04 | D7: 46268 | E7: 46310 | F7: 46310
A8: 3343 | B8: 1600-2 | C8: 5A87904-02, 5A65C28-02 | D8: 46268 | E8: 46310 | F8: 46311
A9: 3347 | B9: 1300-3 | C9: 5B6CA70-04 | D9: 46244 | E9: 46311 | F9: 46315
A10: 3352 | B10: 550 | C10: 5B6CA81-02, 5B6CA82-02 | D10: 46268 | E10: 46314 | F10: 46317

Sheet Holidays
A1: Plant holiday | B1: Name | C1: Enter plant holidays here; all plan dates skip them.

Sheet Findings
A1: Area | B1: Found in the current .mpp | C1: How the template prevents it
A2: Links | B2: 0 of 239 tasks are linked, no constraints, no baseline | C2: Every date is typed by hand; a slip moves nothing and cannot be measured
A3: Logic | B3: Molds 3362, 3343, 3352: unpack (8/31-9/3) planned before delivery (9/3) | C3: A link delivery -> unpack makes this impossible
A4: Logic | B4: Mold 3376: no TH1, TH2 on the same day as gauge validation | C4: Template always plans TH1 after gauge
A5: Logic | B5: Mold 3362: TH1 on the same day as gauge validation | C5: Template starts TH1 the workday after gauge
A6: Naming | B6: Mold 3377: press 1300-2 in some lines, 1300-3 in others | C6: Press is one input field per mold
A7: Naming | B7: Task 5.9.11 (3352) called 'TH2' but is the 30-pc Cpk | C7: Task names come from the block
A8: Resources | B8: Same person 3x: holmes / Chrisopher.holmes / christopher.holmes; Rautzenberg 3x | C8: Roles in the block, one role -> person map per project
A9: Resources | B9: A resource named 'Mold 3345: Verify correct AI Level is engraved in the mold.' | C9: Same
A10: Granularity | B10: Cpk split into 8 rows per characteristic (24 rows total) | C10: One Cpk task, characteristics as checklist from the control plan / PDB
A11: Granularity | B11: 15 iPQ element rows with identical dates and owner | C11: One ISIR/iPQ task with the element checklist
A12: Scope | B12: Mold 3360/3349/3369 changes (~55 rows) planned in the project file | C12: These are ECRs: plan them in the plm2 change plan, show only milestones here
